Name,Xpath,Simplified,
Temp,properties/viscoelastic/dynamicproperties/dynamicpropertyprofile,Temperature,
Tan Delta,properties/viscoelastic/dynamicproperties/dynamicpropertyprofile,Tan Delta,
ang. frequency,properties/viscoelastic/dynamicproperties/dynamicpropertyprofile,Angular Frequency,
loss modulus,properties/viscoelastic/dynamicproperties/dynamicpropertyprofile,Loss Modulus,
"E""/E""max",properties/viscoelastic/dynamicproperties/dynamicpropertyprofile,Normalized Loss Modulus,
temperature/C,properties/viscoelastic/dynamicproperties/dynamicpropertyprofile,Temperature,
Eta,properties/viscoelastic/dynamicproperties/dynamicpropertyprofile,Dynamic Viscosity,
time,properties/viscoelastic/dynamicproperties/dynamicpropertyprofile,Time,
"E""",properties/viscoelastic/dynamicproperties/dynamicpropertyprofile,Loss Modulus,
shear storage modulus,properties/viscoelastic/dynamicproperties/dynamicpropertyprofile,Shear Storage Modulus,
Angular velocity,properties/viscoelastic/dynamicproperties/dynamicpropertyprofile,Angular Frequency,
Y,properties/viscoelastic/dynamicproperties/dynamicpropertyprofile,,
Tan d,properties/viscoelastic/dynamicproperties/dynamicpropertyprofile,Tan Delta,
Loss modulu,properties/viscoelastic/dynamicproperties/dynamicpropertyprofile,Loss Modulus,
Log E',properties/viscoelastic/dynamicproperties/dynamicpropertyprofile,Storage Modulus,
normalized tan delta,properties/viscoelastic/dynamicproperties/dynamicpropertyprofile,Normalized Tan Delta,
Temperature ?,properties/viscoelastic/dynamicproperties/dynamicpropertyprofile,Temperature,
G'',properties/viscoelastic/dynamicproperties/dynamicpropertyprofile,Shear Loss Modulus,
Strain,properties/viscoelastic/dynamicproperties/dynamicpropertyprofile,Strain,
Tangent Delta,properties/viscoelastic/dynamicproperties/dynamicpropertyprofile,Tan Delta,
"G""",properties/viscoelastic/dynamicproperties/dynamicpropertyprofile,Sheer Loss Modulus,
Complex viscosity,properties/viscoelastic/dynamicproperties/dynamicpropertyprofile,Dynamic Viscosity,
Lo,properties/viscoelastic/dynamicproperties/dynamicpropertyprofile,,
Freq,properties/viscoelastic/dynamicproperties/dynamicpropertyprofile,Frequency,
Storage Modulus E',properties/viscoelastic/dynamicproperties/dynamicpropertyprofile,Storage Modulus,
Storage modulus,properties/viscoelastic/dynamicproperties/dynamicpropertyprofile,Storage Modulus,
log M',properties/viscoelastic/dynamicproperties/dynamicpropertyprofile,,
Storage Modulus,properties/viscoelastic/dynamicproperties/dynamicpropertyprofile,Storage Modulus,
storage modulus,properties/viscoelastic/dynamicproperties/dynamicpropertyprofile,Storage Modulus,
Storage modulus,properties/viscoelastic/dynamicproperties/dynamicpropertyprofile,Storage Modulus,
Angular Velocity,properties/viscoelastic/dynamicproperties/dynamicpropertyprofile,Angular Velocity,
Loss factor,properties/viscoelastic/dynamicproperties/dynamicpropertyprofile,Tan Delta,
WAT,properties/viscoelastic/dynamicproperties/dynamicpropertyprofile,,
G',properties/viscoelastic/dynamicproperties/dynamicpropertyprofile,Shear Storage Modulus,
Temperature,properties/viscoelastic/dynamicproperties/dynamicpropertyprofile,Temperature,
Shear storage modulus G,properties/viscoelastic/dynamicproperties/dynamicpropertyprofile,Shear Storage Modulus,
Shear Loss Modulus,properties/viscoelastic/dynamicproperties/dynamicpropertyprofile,Shear Loss Modulus,
Temperatur,properties/viscoelastic/dynamicproperties/dynamicpropertyprofile,Temperature,
frequency,properties/viscoelastic/dynamicproperties/dynamicpropertyprofile,Frequency,
Bending Tan delta,properties/viscoelastic/dynamicproperties/dynamicpropertyprofile,Tan Delta,
shear stress,properties/viscoelastic/dynamicproperties/dynamicpropertyprofile,Shear Stress,
tan delta,properties/viscoelastic/dynamicproperties/dynamicpropertyprofile,Tan Delta,
Loss modulus,properties/viscoelastic/dynamicproperties/dynamicpropertyprofile,Loss Modulus,
E',properties/viscoelastic/dynamicproperties/dynamicpropertyprofile,Storage Modulus,
Log Tan delta,properties/viscoelastic/dynamicproperties/dynamicpropertyprofile,Tan Delta,
Relaxation Spectra,properties/viscoelastic/dynamicproperties/dynamicpropertyprofile,,
loss tangent,properties/viscoelastic/dynamicproperties/dynamicpropertyprofile,Tan Delta,
temperature,properties/viscoelastic/dynamicproperties/dynamicpropertyprofile,Temperature,
T/T_alpha,properties/viscoelastic/dynamicproperties/dynamicpropertyprofile,Normalized Temperature,
Frequecy,properties/viscoelastic/dynamicproperties/dynamicpropertyprofile,Frequency,
Tan delta,properties/viscoelastic/dynamicproperties/dynamicpropertyprofile,Tan Delta,
Log storage modulus,properties/viscoelastic/dynamicproperties/dynamicpropertyprofile,Storage Modulus,
Log-storage modulus,properties/viscoelastic/dynamicproperties/dynamicpropertyprofile,Storage Modulus,
Shear Storage Modulus,properties/viscoelastic/dynamicproperties/dynamicpropertyprofile,Shear Storage Modulus,
Complex Viscosity,properties/viscoelastic/dynamicproperties/dynamicpropertyprofile,Dynamic Viscosity,
Time,properties/viscoelastic/dynamicproperties/dynamicpropertyprofile,Time,
strain,properties/viscoelastic/dynamicproperties/dynamicpropertyprofile,Strain,
tangent delta,properties/viscoelastic/dynamicproperties/dynamicpropertyprofile,Tan Delta,
E,properties/viscoelastic/dynamicproperties/dynamicpropertyprofile,,
Loss Modulus,properties/viscoelastic/dynamicproperties/dynamicpropertyprofile,Loss Modulus,
normalized frequency,properties/viscoelastic/dynamicproperties/dynamicpropertyprofile,Normalized Frequency,
Damping Coefficient,properties/viscoelastic/dynamicproperties/dynamicpropertyprofile,Tan Delta,
Tan,properties/viscoelastic/dynamicproperties/dynamicpropertyprofile,Tan Delta,
Damping factor,properties/viscoelastic/dynamicproperties/dynamicpropertyprofile,Tan Delta,
"E""",properties/viscoelastic/dynamicproperties/dynamicpropertyprofile,Loss Modulus,
Frequency,properties/viscoelastic/dynamicproperties/dynamicpropertyprofile,Frequency,
Strain (%),properties/viscoelastic/dynamicproperties/dynamicpropertyprofile,Strain,
"Storage Modulus, E",properties/viscoelastic/dynamicproperties/dynamicpropertyprofile,Storage Modulus,
log time,properties/viscoelastic/dynamicproperties/dynamicpropertyprofile,Time,
Loss tangent,properties/viscoelastic/dynamicproperties/dynamicpropertyprofile,Tan Delta,
Electric Field,properties/electrical/ac_dielectricdispersion/dielectric_real_permittivity,Electric Field,
Real Permittivity,properties/electrical/ac_dielectricdispersion/dielectric_real_permittivity,Dielectric Real Permittivity,
Dielectric permittivity,properties/electrical/ac_dielectricdispersion/dielectric_real_permittivity,Dielectric Real Permittivity,author not being specific
Dielectric constant,properties/electrical/ac_dielectricdispersion/dielectric_real_permittivity,Dielectric Real Permittivity,
Permittivity,properties/electrical/ac_dielectricdispersion/dielectric_real_permittivity,Dielectric Real Permittivity,author not being specific
Relative real permittivity,properties/electrical/ac_dielectricdispersion/dielectric_real_permittivity,Relative Dielectric Real Permittivity,
Relative Dieletric Constant,properties/electrical/ac_dielectricdispersion/dielectric_real_permittivity,Relative Dielectric Real Permittivity,
Real Part of Dielectric Permittivity,properties/electrical/ac_dielectricdispersion/dielectric_real_permittivity,Dielectric Real Permittivity,
K,properties/electrical/ac_dielectricdispersion/dielectric_real_permittivity,,
Dielectric Permittivity,properties/electrical/ac_dielectricdispersion/dielectric_real_permittivity,Dielectric Real Permittivity,author not being specific
Tempeature,properties/electrical/ac_dielectricdispersion/dielectric_real_permittivity,Temperature,
Volume Fraction of MWNT,properties/electrical/ac_dielectricdispersion/dielectric_real_permittivity,,
Relative Dielectric Constant,properties/electrical/ac_dielectricdispersion/dielectric_real_permittivity,Relative Dielectric Real Permittivity,
e' (PVAc-23% red squares),properties/electrical/ac_dielectricdispersion/dielectric_real_permittivity,Dielectric Real Permittivity,
freq/Hz,properties/electrical/ac_dielectricdispersion/dielectric_real_permittivity,Frequency,
?´,properties/electrical/ac_dielectricdispersion/dielectric_real_permittivity,Dielectric Real Permittivity,
Dielectric Constant,properties/electrical/ac_dielectricdispersion/dielectric_real_permittivity,Dielectric Real Permittivity,
w(rad/s) (PVAc-23%),properties/electrical/ac_dielectricdispersion/dielectric_real_permittivity,Angular Frequency,
"Dielectric Constant, Dk",properties/electrical/ac_dielectricdispersion/dielectric_real_permittivity,Dielectric Real Permittivity,
frequency,properties/electrical/ac_dielectricdispersion/dielectric_real_permittivity,Frequency,
Real Relative Permittivity,properties/electrical/ac_dielectricdispersion/dielectric_real_permittivity,Relative Dielectric Real Permittivity,
,properties/electrical/ac_dielectricdispersion/dielectric_real_permittivity,,
"Temperature, C",properties/electrical/ac_dielectricdispersion/dielectric_real_permittivity,Temperature,
AC dielectric Constant,properties/electrical/ac_dielectricdispersion/dielectric_real_permittivity,Dielectric Real Permittivity,
real permittivity,properties/electrical/ac_dielectricdispersion/dielectric_real_permittivity,Dielectric Real Permittivity,
f,properties/electrical/ac_dielectricdispersion/dielectric_real_permittivity,Frequency,
Real component of permittivity,properties/electrical/ac_dielectricdispersion/dielectric_real_permittivity,Dielectric Real Permittivity,
Dielectric Constant at 1 kHz,properties/electrical/ac_dielectricdispersion/dielectric_real_permittivity,Dielectric Real Permittivity,
Real permittivity,properties/electrical/ac_dielectricdispersion/dielectric_real_permittivity,Dielectric Real Permittivity,
Real dielectric function,properties/electrical/ac_dielectricdispersion/dielectric_real_permittivity,Dielectric Real Permittivity,
"Dielectric constant, Dk",properties/electrical/ac_dielectricdispersion/dielectric_real_permittivity,Dielectric Real Permittivity,
real part of dielectric constant,properties/electrical/ac_dielectricdispersion/dielectric_real_permittivity,Dielectric Real Permittivity,
Dielectric Real Permittivity,properties/electrical/ac_dielectricdispersion/dielectric_real_permittivity,Dielectric Real Permittivity,
Dielectric constant epsilon',properties/electrical/ac_dielectricdispersion/dielectric_real_permittivity,Dielectric Real Permittivity,
e',properties/electrical/ac_dielectricdispersion/dielectric_real_permittivity,Dielectric Real Permittivity,
Relative permittivity,properties/electrical/ac_dielectricdispersion/dielectric_real_permittivity,Relative Dielectric Real Permittivity,
dielectric permittivity,properties/electrical/ac_dielectricdispersion/dielectric_real_permittivity,Dielectric Real Permittivity,
Temperature,properties/electrical/ac_dielectricdispersion/dielectric_real_permittivity,Temperature,
Frequency,properties/electrical/ac_dielectricdispersion/dielectric_real_permittivity,Frequency,
dielectric constant,properties/electrical/ac_dielectricdispersion/dielectric_real_permittivity,Dielectric Real Permittivity,
Real Susceptibility,properties/electrical/ac_dielectricdispersion/dielectric_real_permittivity,Real Susceptibility,
w,properties/electrical/ac_dielectricdispersion/dielectric_real_permittivity,Angular Frequency,
AC Dielectric Constant,properties/electrical/ac_dielectricdispersion/dielectric_real_permittivity,Dielectric Real Permittivity,
Real Part of the Complex Permittivity,properties/electrical/ac_dielectricdispersion/dielectric_real_permittivity,Dielectric Real Permittivity,
Real part of Permittivity,properties/electrical/ac_dielectricdispersion/dielectric_real_permittivity,Dielectric Real Permittivity,
e',properties/electrical/ac_dielectricdispersion/dielectric_real_permittivity,Dielectric Real Permittivity,
Dielectric Loss,properties/electrical/ac_dielectricdispersion/dielectric_loss_permittivity,Dielectric Loss Permittivity,
Imaginary electric modulus,properties/electrical/ac_dielectricdispersion/dielectric_loss_permittivity,Dielectric Loss Permittivity,
f,properties/electrical/ac_dielectricdispersion/dielectric_loss_permittivity,Frequency,
PVAc 12% w (rad/s) (red circles),properties/electrical/ac_dielectricdispersion/dielectric_loss_permittivity,Angular Velocity,
PVAc-32% w (rad/s) (red circles),properties/electrical/ac_dielectricdispersion/dielectric_loss_permittivity,Angular Velocity,
frequency,properties/electrical/ac_dielectricdispersion/dielectric_loss_permittivity,Frequency,
G',properties/electrical/ac_dielectricdispersion/dielectric_loss_permittivity,Dielectric Loss Permittivity,
Loss factor,properties/electrical/ac_dielectricdispersion/dielectric_loss_permittivity,Dielectric Loss Permittivity,
Permittivity,properties/electrical/ac_dielectricdispersion/dielectric_loss_permittivity,Dielectric Loss Permittivity,author not being specific
Loss Factor,properties/electrical/ac_dielectricdispersion/dielectric_loss_permittivity,Dielectric Loss Permittivity,
e,properties/electrical/ac_dielectricdispersion/dielectric_loss_permittivity,Dielectric Loss Permittivity,
imaginary part of dielectric constant,properties/electrical/ac_dielectricdispersion/dielectric_loss_permittivity,Dielectric Loss Permittivity,
Temperature,properties/electrical/ac_dielectricdispersion/dielectric_loss_permittivity,Temperature,
"e"" (PVAc-32% red squares)",properties/electrical/ac_dielectricdispersion/dielectric_loss_permittivity,Dielectric Loss Permittivity,
Imaginary Susceptibility,properties/electrical/ac_dielectricdispersion/dielectric_loss_permittivity,Imaginary Susceptibility,
imaginary part of dielectric function,properties/electrical/ac_dielectricdispersion/dielectric_loss_permittivity,Dielectric Loss Permittivity,
"Imaginary Dielectric constant epsilon""",properties/electrical/ac_dielectricdispersion/dielectric_loss_permittivity,Dielectric Loss Permittivity,
Imaginary Part of the Complex Permittivity,properties/electrical/ac_dielectricdispersion/dielectric_loss_permittivity,Dielectric Loss Permittivity,
imaginary of dielectric function,properties/electrical/ac_dielectricdispersion/dielectric_loss_permittivity,Dielectric Loss Permittivity,
Dielectric Permittivity,properties/electrical/ac_dielectricdispersion/dielectric_loss_permittivity,Dielectric Loss Permittivity,
T,properties/electrical/ac_dielectricdispersion/dielectric_loss_permittivity,Temperature,
"PVAc-12% e"" (red circles)",properties/electrical/ac_dielectricdispersion/dielectric_loss_permittivity,Dielectric Loss Permittivity,
Relative Imaginary permittivity,properties/electrical/ac_dielectricdispersion/dielectric_loss_permittivity,Relative Dielectric Loss Permittivity,
temperature,properties/electrical/ac_dielectricdispersion/dielectric_loss_permittivity,Temperature,
Imaginary Relative Permittivity,properties/electrical/ac_dielectricdispersion/dielectric_loss_permittivity,Relative Dielectric Loss Permittivity,
Dielectric loss,properties/electrical/ac_dielectricdispersion/dielectric_loss_permittivity,Dielectric Loss Permittivity,
Imaginary Electric modulus,properties/electrical/ac_dielectricdispersion/dielectric_loss_permittivity,Dielectric Loss Permittivity,
w,properties/electrical/ac_dielectricdispersion/dielectric_loss_permittivity,Angular Velocity,
Relative Imaginary Permittivity,properties/electrical/ac_dielectricdispersion/dielectric_loss_permittivity,Relative Dielectric Loss Permittivity,
Log(loss factor),properties/electrical/ac_dielectricdispersion/dielectric_loss_permittivity,Dielectric Loss Permittivity,
"e"" (PVAc-23% red squares)",properties/electrical/ac_dielectricdispersion/dielectric_loss_permittivity,Dielectric Loss Permittivity,
Loss component,properties/electrical/ac_dielectricdispersion/dielectric_loss_permittivity,Dielectric Loss Permittivity,
"e""",properties/electrical/ac_dielectricdispersion/dielectric_loss_permittivity,Dielectric Loss Permittivity,
,properties/electrical/ac_dielectricdispersion/dielectric_loss_permittivity,,
wnor,properties/electrical/ac_dielectricdispersion/dielectric_loss_permittivity,,
Relative Permittivity,properties/electrical/ac_dielectricdispersion/dielectric_loss_permittivity,Relative Dielectric Loss Permittivity,
dielectric loss,properties/electrical/ac_dielectricdispersion/dielectric_loss_permittivity,Dielectric Loss Permittivity,
Imaginary Dielectric constant,properties/electrical/ac_dielectricdispersion/dielectric_loss_permittivity,Dielectric Loss Permittivity,
dielectric tangent,properties/electrical/ac_dielectricdispersion/dielectric_loss_permittivity,Dielectric Loss Permittivity,
Frequency,properties/electrical/ac_dielectricdispersion/dielectric_loss_permittivity,Frequency,
"e""norm",properties/electrical/ac_dielectricdispersion/dielectric_loss_permittivity,Relative Dielectric Loss Permittivity,
Lo,properties/electrical/ac_dielectricdispersion/dielectric_loss_permittivity,,
"PVAc-32% e"" (red circles)",properties/electrical/ac_dielectricdispersion/dielectric_loss_permittivity,Loss Modulus,
Log(loss factor e''),properties/electrical/ac_dielectricdispersion/dielectric_loss_permittivity,Loss Modulus,
imaginary permittivity,properties/electrical/ac_dielectricdispersion/dielectric_loss_permittivity,Loss Permittivity,
Imaginary permittivity,properties/electrical/ac_dielectricdispersion/dielectric_loss_permittivity,Dielectric Loss Permittivity,
dielectric permittivity,properties/electrical/ac_dielectricdispersion/dielectric_loss_permittivity,Dielectric Loss Permittivity,
Imaginary Part of Dielectric Permittivity,properties/electrical/ac_dielectricdispersion/dielectric_loss_permittivity,Dielectric Loss Permittivity,
Imaginary Permittivity,properties/electrical/ac_dielectricdispersion/dielectric_loss_permittivity,Dielectric Loss Permittivity,
Imaginary dielectric function,properties/electrical/ac_dielectricdispersion/dielectric_loss_permittivity,Dielectric Loss Permittivity,
Tan,properties/electrical/ac_dielectricdispersion/dielectric_loss_tangent,Tan Delta,
Dielectric Loss,properties/electrical/ac_dielectricdispersion/dielectric_loss_tangent,Tan Delta,
Temperature,properties/electrical/ac_dielectricdispersion/dielectric_loss_tangent,Temperature,
Tan delta,properties/electrical/ac_dielectricdispersion/dielectric_loss_tangent,Tan Delta,
tangent delta,properties/electrical/ac_dielectricdispersion/dielectric_loss_tangent,Tan Delta,
Dielctric Loss Factor,properties/electrical/ac_dielectricdispersion/dielectric_loss_tangent,Tan Delta,
dissipation factor,properties/electrical/ac_dielectricdispersion/dielectric_loss_tangent,Tan Delta,
Loss Tangent,properties/electrical/ac_dielectricdispersion/dielectric_loss_tangent,Tan Delta,
Dissipation Factor,properties/electrical/ac_dielectricdispersion/dielectric_loss_tangent,Tan Delta,
tan del (%),properties/electrical/ac_dielectricdispersion/dielectric_loss_tangent,Tan Delta,
dielectric loss,properties/electrical/ac_dielectricdispersion/dielectric_loss_tangent,Tan Delta,
Dielectric Loss Tangent,properties/electrical/ac_dielectricdispersion/dielectric_loss_tangent,Tan Delta,
frequency,properties/electrical/ac_dielectricdispersion/dielectric_loss_tangent,Frequency,
temperature/C,properties/electrical/ac_dielectricdispersion/dielectric_loss_tangent,Temperature,
Tan del (%),properties/electrical/ac_dielectricdispersion/dielectric_loss_tangent,Tan Delta,
Dissipation factor,properties/electrical/ac_dielectricdispersion/dielectric_loss_tangent,Tan Delta,
Loss factor,properties/electrical/ac_dielectricdispersion/dielectric_loss_tangent,Tan Delta,
Effective dielectric loss,properties/electrical/ac_dielectricdispersion/dielectric_loss_tangent,Tan Delta,
dielectric loss tangent,properties/electrical/ac_dielectricdispersion/dielectric_loss_tangent,Tan Delta,
Frequenc,properties/electrical/ac_dielectricdispersion/dielectric_loss_tangent,Frequency,
freq/Hz,properties/electrical/ac_dielectricdispersion/dielectric_loss_tangent,Frequency,
loss tangent,properties/electrical/ac_dielectricdispersion/dielectric_loss_tangent,Tan Delta,
Tan ?,properties/electrical/ac_dielectricdispersion/dielectric_loss_tangent,Tan Delta,
Frequency,properties/electrical/ac_dielectricdispersion/dielectric_loss_tangent,Frequency,
Loss tangent,properties/electrical/ac_dielectricdispersion/dielectric_loss_tangent,Tan Delta,
Tan Delta,properties/electrical/ac_dielectricdispersion/dielectric_loss_tangent,Tan Delta,
Permittivity,properties/electrical/ac_dielectricdispersion/dielectric_loss_tangent,Tan Delta,"curation error, ignore this row"
"Temperature, C",properties/electrical/ac_dielectricdispersion/dielectric_loss_tangent,Temperature,
Dielectric Loss Factor,properties/electrical/ac_dielectricdispersion/dielectric_loss_tangent,Tan Delta,
"dielectric loss, tangent",properties/electrical/ac_dielectricdispersion/dielectric_loss_tangent,Tan Delta,
loss factor,properties/electrical/ac_dielectricdispersion/dielectric_loss_tangent,Tan Delta,
tan delta,properties/electrical/ac_dielectricdispersion/dielectric_loss_tangent,Tan Delta,
f,properties/electrical/ac_dielectricdispersion/dielectric_loss_tangent,Frequency,
loss tanget,properties/electrical/ac_dielectricdispersion/dielectric_loss_tangent,Tan Delta,
Dielectric loss,properties/electrical/ac_dielectricdispersion/dielectric_loss_tangent,Tan Delta,
Effective dielectric constant,properties/electrical/ac_dielectricdispersion/dielectric_loss_tangent,Tan Delta,
the product of epsilon and omega,properties/electrical/electricconductivity,,
Applied Flux Density,properties/electrical/electricconductivity,,
volume content of the samples,properties/electrical/electricconductivity,Volume Fraction,
Electric field,properties/electrical/electricconductivity,Electric Field,
AC conductivity,properties/electrical/electricconductivity,Conductivity,
ln,properties/electrical/electricconductivity,,
Differential of Imaginary Magnetic Susceptibility,properties/electrical/electricconductivity,,
f,properties/electrical/electricconductivity,Frequency,
the product of static dielectric constant and frequency,properties/electrical/electricconductivity,,
Electric Field,properties/electrical/electricconductivity,Electric Field,
Frequency,properties/electrical/electricconductivity,Frequency,
electric field,properties/electrical/electricconductivity,Electric Field,
freq/Hz,properties/electrical/electricconductivity,Frequency,
1000/T,properties/electrical/electricconductivity,1000/Temperature,
CNT (vol. %),properties/electrical/electricconductivity,Percent,
relative density,properties/electrical/electricconductivity,Density,
natural log of conductivity,properties/electrical/electricconductivity,Conductivity,
position in sample,properties/electrical/electricconductivity,,
sigma,properties/electrical/electricconductivity,,
Log f,properties/electrical/electricconductivity,Frequency,
Volume fraction of MWNTs,properties/electrical/electricconductivity,,
CNF conten,properties/electrical/electricconductivity,,
DC conductivity,properties/electrical/electricconductivity,Conductivity,
Natural Log of Conductivity,properties/electrical/electricconductivity,Conductivity,
conductivity,properties/electrical/electricconductivity,Conductivity,
Electric conductivity,properties/electrical/electricconductivity,Conductivity,
Conductivity,properties/electrical/electricconductivity,Conductivity,
1/T,properties/electrical/electricconductivity,1/Temperature,
Ac conductivity,properties/electrical/electricconductivity,Conductivity,
electric field strength relative to applied field,properties/electrical/electricconductivity,Electric Field,
T,properties/electrical/electricconductivity,Temperature,
DC conduction rate,properties/electrical/electricconductivity,Conductivity,
transverse electrical conductivit,properties/electrical/electricconductivity,Conductivity,
Square Root Current,properties/electrical/electricconductivity,,
Log,properties/electrical/electricconductivity,,
lo,properties/electrical/electricconductivity,,
Real part of Conductivity,properties/electrical/electricconductivity,Conductivity,
Square root of Electric Field,properties/electrical/electricconductivity,Electric Field,
DC conductivity rate,properties/electrical/electricconductivity,Conductivity,
Electrical conductivity,properties/electrical/electricconductivity,Conductivity,
probability distribution function,properties/electrical/electricconductivity,,
AC Conductivity,properties/electrical/electricconductivity,Conductivity,
Tg/T,properties/electrical/electricconductivity,,
reduced conductivity,properties/electrical/electricconductivity,Conductivity,
AC Electrical Impedance,properties/electrical/electricconductivity,Impedance,
comparative ac conductivity at 160 C,properties/electrical/electricconductivity,Conductivity,
frequency,properties/electrical/electricconductivity,Frequency,
Electric Conductivity,properties/electrical/electricconductivity,Conductivity,
,characterization/xray_diffraction_and_scattering,,
Angle 2q,characterization/xray_diffraction_and_scattering,Angle,
Intensity,characterization/xray_diffraction_and_scattering,Intensity,
I,characterization/xray_diffraction_and_scattering,Intensity,
Angle,characterization/xray_diffraction_and_scattering,Angle,
"Scattering vector, q",characterization/xray_diffraction_and_scattering,Scattering Vector,
"Concentration normalized Intensity, I",characterization/xray_diffraction_and_scattering,Intensity,
q,characterization/xray_diffraction_and_scattering,Scattering Vector,
Linear Intensity,characterization/xray_diffraction_and_scattering,Intensity,
0.056005402,properties/rheological/rheologicalcomplexmodulus/rheologicalstoragemodulus,,
Time,properties/rheological/rheologicalcomplexmodulus/rheologicalstoragemodulus,Time,
G',properties/rheological/rheologicalcomplexmodulus/rheologicalstoragemodulus,Shear Storage Modulus,
Angular frequency,properties/rheological/rheologicalcomplexmodulus/rheologicalstoragemodulus,Angular Frequency,
Frequency,properties/rheological/rheologicalcomplexmodulus/rheologicalstoragemodulus,Frequency,
Shear Storage Modulus,properties/rheological/rheologicalcomplexmodulus/rheologicalstoragemodulus,Shear Storage Modulus,
Strain [%],properties/rheological/rheologicalcomplexmodulus/rheologicalstoragemodulus,Strain,
shear storage modulus,properties/rheological/rheologicalcomplexmodulus/rheologicalstoragemodulus,Shear Storage Modulus,
Temperature,properties/rheological/rheologicalcomplexmodulus/rheologicalstoragemodulus,Temperature,
Strain (%),properties/rheological/rheologicalcomplexmodulus/rheologicalstoragemodulus,Strain,
Angular Frequency,properties/rheological/rheologicalcomplexmodulus/rheologicalstoragemodulus,Angular Frequency,
Storage Modulus,properties/rheological/rheologicalcomplexmodulus/rheologicalstoragemodulus,Storage Modulus,
frequency,properties/rheological/rheologicalcomplexmodulus/rheologicalstoragemodulus,Frequency,
2277.14144,properties/rheological/rheologicalcomplexmodulus/rheologicalstoragemodulus,,
"Oscillation frequency, ?",properties/rheological/rheologicalcomplexmodulus/rheologicalstoragemodulus,Angular Frequency,
Storage modulus,properties/rheological/rheologicalcomplexmodulus/rheologicalstoragemodulus,Storage Modulus,
"Storage Modulus, G'",properties/rheological/rheologicalcomplexmodulus/rheologicalstoragemodulus,Shear Storage Modulus,
extensional viscosity,properties/rheological/rheologicalviscosity/meltviscosity,Viscosity,
Hencky strain,properties/rheological/rheologicalviscosity/meltviscosity,Strain,
Frequency,properties/rheological/rheologicalviscosity/meltviscosity,Frequency,
freq,properties/rheological/rheologicalviscosity/meltviscosity,Frequency,
complex melt viscosit,properties/rheological/rheologicalviscosity/meltviscosity,Viscosity,
Complex Modulus,properties/rheological/rheologicalviscosity/meltviscosity,Viscosity,
Phase Angle,properties/rheological/rheologicalviscosity/meltviscosity,,ignore
Complex Viscosity,properties/rheological/rheologicalviscosity/meltviscosity,Viscosity,
frequency,properties/rheological/rheologicalcomplexmodulus/rheologicallossmodulus,Frequency,
Loss Modulus,properties/rheological/rheologicalcomplexmodulus/rheologicallossmodulus,Loss Modulus,
G'',properties/rheological/rheologicalcomplexmodulus/rheologicallossmodulus,Shear Loss Modulus,
Temperature,properties/rheological/rheologicalcomplexmodulus/rheologicallossmodulus,Temperature,
Angular Frequency,properties/rheological/rheologicalcomplexmodulus/rheologicallossmodulus,Angular Frequency,
Strain [%],properties/rheological/rheologicalcomplexmodulus/rheologicallossmodulus,Strain,
Frequency,properties/rheological/rheologicalcomplexmodulus/rheologicallossmodulus,Frequency,
Angular frequency,properties/rheological/rheologicalcomplexmodulus/rheologicallossmodulus,Angular Frequency,
"Oscillation frequency, ?",properties/rheological/rheologicalcomplexmodulus/rheologicallossmodulus,Angular Frequency,
Loss modulus,properties/rheological/rheologicalcomplexmodulus/rheologicallossmodulus,Loss Modulus,
"Loss Modulus, G''",properties/rheological/rheologicalcomplexmodulus/rheologicallossmodulus,Shear Loss Modulus,
Shear Loss Modulus,properties/rheological/rheologicalcomplexmodulus/rheologicallossmodulus,Shear Loss Modulus,
Breakdown voltage,properties/electrical/dielectricbreakdownstrength/weibullplot,Breakdown Voltage,
3.178211933,properties/electrical/dielectricbreakdownstrength/weibullplot,,
Probability of Failure,properties/electrical/dielectricbreakdownstrength/weibullplot,Probability of Failure,
4.745758446,properties/electrical/dielectricbreakdownstrength/weibullplot,,
Electric field,properties/electrical/dielectricbreakdownstrength/weibullplot,Breakdown Strength,
breakdown strength,properties/electrical/dielectricbreakdownstrength/weibullplot,Breakdown Strength,
Probability,properties/electrical/dielectricbreakdownstrength/weibullplot,Probability of Failure,
lo,properties/electrical/dielectricbreakdownstrength/weibullplot,,
Probability of Failure (%),properties/electrical/dielectricbreakdownstrength/weibullplot,Probability of Failure,
Breakdown Voltage,properties/electrical/dielectricbreakdownstrength/weibullplot,Breakdown Voltage,
150.8384835,properties/electrical/dielectricbreakdownstrength/weibullplot,,
Breakdown Voltage Peak,properties/electrical/dielectricbreakdownstrength/weibullplot,Breakdown Voltage,
Failure Probability [%],properties/electrical/dielectricbreakdownstrength/weibullplot,Probability of Failure,
Percent,properties/electrical/dielectricbreakdownstrength/weibullplot,Probability of Failure,
prob failure,properties/electrical/dielectricbreakdownstrength/weibullplot,Probability of Failure,
AC Peak Breakdown Field,properties/electrical/dielectricbreakdownstrength/weibullplot,Breakdown Strength,
Breakdown Strength,properties/electrical/dielectricbreakdownstrength/weibullplot,Breakdown Strength,
AC Breakdown Strength,properties/electrical/dielectricbreakdownstrength/weibullplot,Breakdown Strength,
strength,properties/electrical/dielectricbreakdownstrength/weibullplot,Breakdown Strength,
Probability of failure (%),properties/electrical/dielectricbreakdownstrength/weibullplot,Probability of Failure,
AC Dielectric Strength,properties/electrical/dielectricbreakdownstrength/weibullplot,Breakdown Strength,
thickness,properties/electrical/dielectricbreakdownstrength/weibullplot,Thickness,
72.35636624,properties/electrical/dielectricbreakdownstrength/weibullplot,,
Viscosity,properties/rheological/rheologicalviscosity/dynamicviscosity,Viscosity,
temperature,properties/rheological/rheologicalviscosity/dynamicviscosity,Temperature,
Frequency,properties/rheological/rheologicalviscosity/dynamicviscosity,Frequency,
dynamic shear viscosity,properties/rheological/rheologicalviscosity/dynamicviscosity,Viscosity,
Temperature,properties/rheological/rheologicalviscosity/dynamicviscosity,Temperature,
Dynamic Viscosity,properties/rheological/rheologicalviscosity/dynamicviscosity,Viscosity,
Complex viscocity,properties/rheological/rheologicalviscosity/dynamicviscosity,Viscosity,
Time,properties/rheological/rheologicalviscosity/dynamicviscosity,Time,
complex viscosity,properties/rheological/rheologicalviscosity/dynamicviscosity,Viscosity,
Complex viscosity,properties/rheological/rheologicalviscosity/dynamicviscosity,Viscosity,
viscosity,properties/rheological/rheologicalviscosity/dynamicviscosity,Viscosity,
Angular frequency,properties/rheological/rheologicalviscosity/dynamicviscosity,Angular Frequency,
Angular Velocity,properties/rheological/rheologicalviscosity/dynamicviscosity,Angular Velocity,
frequency,properties/rheological/rheologicalviscosity/dynamicviscosity,Frequency,
Complex Viscosity,properties/rheological/rheologicalviscosity/dynamicviscosity,Viscosity,
Shear rate,properties/rheological/rheologicalviscosity/dynamicviscosity,Shear,
Damping Factor,properties/rheological/rheologicalcomplexmodulus/rheologicallosstangent,Tan Delta,
Frequency,properties/rheological/rheologicalcomplexmodulus/rheologicallosstangent,Frequency,
Tan delta,properties/rheological/rheologicalcomplexmodulus/rheologicallosstangent,Tan Delta,
frequency,properties/rheological/rheologicalcomplexmodulus/rheologicallosstangent,Frequency,
Tangent Delta,properties/rheological/rheologicalcomplexmodulus/rheologicallosstangent,Tan Delta,
tan?,properties/rheological/rheologicalcomplexmodulus/rheologicallosstangent,Tan Delta,
"Oscillation frequency, ?",properties/rheological/rheologicalcomplexmodulus/rheologicallosstangent,Angular Frequency,
Angular Frequency,properties/rheological/rheologicalcomplexmodulus/rheologicallosstangent,Angular Frequency,
Mass Loss Rate,properties/volumetric/weightloss,Mass,
MassLossRate,properties/volumetric/weightloss,Mass,
Weight loss (%),properties/volumetric/weightloss,Weight Loss,
weight loss (%),properties/volumetric/weightloss,Weight Loss,
Mass (%),properties/volumetric/weightloss,Mass,
Sample Mass,properties/volumetric/weightloss,Mass,
Temperature,properties/volumetric/weightloss,Temperature,
Weight (%),properties/volumetric/weightloss,Weight Loss,
1000/T,properties/electrical/currentdensity,1000/T,
time,properties/electrical/currentdensity,Time,
ion mobility,properties/electrical/currentdensity,,
temperature,properties/electrical/currentdensity,Temperature,
Current density,properties/electrical/currentdensity,Current Density,
p/p0,properties/electrical/currentdensity,,
current,properties/electrical/currentdensity,Current,
Electric field,properties/electrical/currentdensity,Electric Field,
Current,properties/electrical/currentdensity,Current,
Normal Position,properties/electrical/currentdensity,,
Normalized Position,properties/electrical/currentdensity,,
Time,properties/electrical/currentdensity,Time,
J,properties/electrical/currentdensity,,
U,properties/electrical/currentdensity,,
Charge Density,properties/electrical/currentdensity,Charge Density,
E,properties/electrical/currentdensity,,
Current Density,properties/electrical/currentdensity,Current Density,
,properties/electrical/currentdensity,,
Frequency,properties/rheological/meltviscosity,Frequency,
log of specific shear energy,properties/volumetric/density,Shear Energy,
Surface area of filler phase,properties/volumetric/density,Surface Area,
Average Number of Particles per Cell,properties/volumetric/density,,
surface area of filler phase,properties/volumetric/density,Surface Area,
Influence of interfacial energetics and processing conditions,properties/volumetric/density,,
Influence of interfacial energetics and processing conditions,properties/volumetric/density,,
Phase Angle,properties/rheological/meltviscosity,Phase Angle,
work of adhesion between filler and polymer to the work of adhesion of filler to filler,properties/volumetric/density,,
Concentration of Silica (wt%),properties/volumetric/density,Concentration,
Complex Viscosity,properties/rheological/meltviscosity,Viscosity,
Complex Modulus,properties/rheological/meltviscosity,,
electric field,properties/electrical/energydensity,Electric Field,
peak next to the anode,properties/electrical/energydensity,,
E,properties/electrical/energydensity,Electric Field,
Electric field,properties/electrical/energydensity,Electric Field,
energy storage density,properties/electrical/energydensity,,
Time to Failure,properties/electrical/energydensity,Time,
time,properties/electrical/energydensity,Time,
Energy Density,properties/electrical/energydensity,Energy Density,
Temperature,properties/electrical/energydensity,Temperature,
Frequency,properties/electrical/energydensity,Frequency,
Discharged energy density,properties/electrical/energydensity,Energy Density,
Electric Field,properties/electrical/energydensity,Electric Field,
Field Intensity at Electrode,properties/electrical/energydensity,,
energy density,properties/electrical/energydensity,Energy Density,
Absorbance,characterization/dielectric_and_impedance_spectroscopy_analysis,Absorbance,
fmax,characterization/dielectric_and_impedance_spectroscopy_analysis,,
Dielectric Constant,characterization/dielectric_and_impedance_spectroscopy_analysis,Dielectric Constant,
Fequency,characterization/dielectric_and_impedance_spectroscopy_analysis,Frequency,
Wavelength,characterization/dielectric_and_impedance_spectroscopy_analysis,Wavelength,
Dielectric constant,characterization/dielectric_and_impedance_spectroscopy_analysis,Dielectric Constant,
1000/T,characterization/dielectric_and_impedance_spectroscopy_analysis,1000/T,
Frequency,characterization/dielectric_and_impedance_spectroscopy_analysis,Frequency,
weight fraction of alumina ( log % ),properties/thermal/glasstransitiontemperature,,
Cp,properties/thermal/glasstransitiontemperature,,
silica content (wt %),properties/thermal/glasstransitiontemperature,,
Delt,properties/thermal/glasstransitiontemperature,,
the change in glass-transition temperature,properties/thermal/glasstransitiontemperature,Temperature,
Change in Glass Transition Temperature,properties/thermal/glasstransitiontemperature,Temperature,
Glass transition temperatur,properties/thermal/glasstransitiontemperature,Temperature,
Temperature,properties/thermal/glasstransitiontemperature,Temperature,
CNF conten,properties/thermal/glasstransitiontemperature,,
Tg,properties/thermal/glasstransitiontemperature,,
adhesion energy,properties/thermal/glasstransitiontemperature,Energy,
Diamine Fraction,properties/thermal/glasstransitiontemperature,,
glass transition temperature,properties/thermal/glasstransitiontemperature,Temperature,
Concentration of Silica (wt%),properties/thermal/glasstransitiontemperature,Concentration,
Heat flow,properties/thermal/dsc_profile,Heat Flow,
Heat Flow,properties/thermal/dsc_profile,Heat Flow,
Temperature,properties/thermal/dsc_profile,Temperature,
Log E,properties/electrical/dielectricbreakdownstrength/weibullparameter,,
DC Breakdown Voltage,properties/electrical/dielectricbreakdownstrength/weibullparameter,Voltage,
Log,properties/electrical/dielectricbreakdownstrength/weibullparameter,,
Breakdown Strength,properties/electrical/dielectricbreakdownstrength/weibullparameter,,
Weibull Parameter,properties/electrical/dielectricbreakdownstrength/weibullparameter,,
Probability of Failure (%),properties/electrical/dielectricbreakdownstrength/weibullparameter,,
AC Breakdown Voltage,properties/electrical/dielectricbreakdownstrength/weibullparameter,Voltage,
Breakdown Voltage,properties/electrical/dielectricbreakdownstrength/weibullparameter,Breakdown Voltage,
real part of the dielectric constant,properties/electrical/dc_dielectricconstant,Dielectric Real Permittivity,
Real part of dielectric constant,properties/electrical/dc_dielectricconstant,Dielectric Real Permittivity,
real part dielectric constant,properties/electrical/dc_dielectricconstant,Dielectric Real Permittivity,
Frequency,properties/electrical/dc_dielectricconstant,Frequency,
Imaginary part of dielectric constant,properties/electrical/dc_dielectricconstant,Dielectric Loss Permittivity,
Log f,properties/electrical/dc_dielectricconstant,Frequency,
frequency,properties/electrical/dc_dielectricconstant,Frequency,
Dielectric Constant,properties/electrical/dc_dielectricconstant,Tan Delta,
AC Breakdown Strenght,properties/electrical/dielectricbreakdownstrength/profile,,
Lo,properties/electrical/dielectricbreakdownstrength/profile,,
Log E,properties/electrical/dielectricbreakdownstrength/profile,,
"Normalized Elastic Modulus, E/Eneat",properties/viscoelastic/dynamicproperties/dma_mode/frequencysweep/condition/temperature,Elastic Modulus,
Normalized Elastic Modulus E/Eneat,properties/viscoelastic/dynamicproperties/dma_mode/frequencysweep/condition/temperature,Elastic Modulus,
Frequency,properties/viscoelastic/dynamicproperties/dma_mode/frequencysweep/condition/temperature,Frequency,
Probability of Failure,properties/electrical/dielectricbreakdownstrength/profile,,
Probability,properties/electrical/dielectricbreakdownstrength/profile,,
thickness,properties/electrical/dielectricbreakdownstrength/profile,,
log,properties/viscoelastic/dynamicproperties/dma_mode/frequencysweep/condition/temperature,,
DC Breakdown Voltage,properties/electrical/dielectricbreakdownstrength/profile,Voltage,
breakdown strength,properties/electrical/dielectricbreakdownstrength/profile,,
"Storage Modulus, E'",properties/viscoelastic/dynamicproperties/dma_mode/frequencysweep/condition/temperature,Storage Modulus,
AC Breakdown Voltage,properties/electrical/dielectricbreakdownstrength/profile,Voltage,
T,characterization/thermogravimetric_analysis,Time,
Time,characterization/thermogravimetric_analysis,Time,
Temperature,characterization/thermogravimetric_analysis,Temperature,
strength,properties/electrical/dielectricbreakdownstrength/profile,,
Normalized mass remaining,characterization/thermogravimetric_analysis,Mass,
prob failure,properties/electrical/dielectricbreakdownstrength/profile,,
Concentration of Silica (wt%),properties/viscoelastic/dynamicproperties/dma_mode/frequencysweep/condition/temperature,Concentration,
Normalized Loss Modulus,properties/viscoelastic/dynamicproperties/dma_mode/frequencysweep/condition/temperature,Loss Modulus,
Normalized Storage Modulus,properties/viscoelastic/dynamicproperties/dma_mode/frequencysweep/condition/temperature,Storage Modulus,
Breakdown Strength,properties/electrical/dielectricbreakdownstrength/profile,,
Probability of Failure (%),properties/electrical/dielectricbreakdownstrength/profile,,
electric modulus,properties/electrical/impedance,,
Diamine fraction,properties/thermal/specificheatcapacity_cp,,
frequency,properties/electrical/impedance,Frequency,
Reversible specific heat capacity,properties/thermal/specificheatcapacity_cp,Heat Capacity,
delta,properties/thermal/specificheatcapacity_cp,,
unidirectional modulu,properties/mechanical/tensile/tensilemodulus,,
log t/a,properties/thermal/specificheatcapacity_cp,,
Time,properties/mechanical/tensile/tensilemodulus,Time,
CNF conten,properties/mechanical/tensile/tensilemodulus,,
Storage Modulus,properties/mechanical/tensile/tensilemodulus,Storage Modulus,
quasi-isotropic modulus modulu,properties/mechanical/tensile/tensilemodulus,,
Frequency,properties/electrical/impedance,Frequecy,
Log,properties/mechanical/tensile/tensilemodulus,,
Young's Modulus,properties/mechanical/tensile/tensilemodulus,Young's Modulus,
Reduced Modulus,properties/mechanical/tensile/tensilemodulus,Reduced Modulus,
Relative density,properties/mechanical/tensile/tensilemodulus,Density,
Modulus,properties/mechanical/tensile/tensilemodulus,,
quasi-isotropic modulu,properties/mechanical/tensile/tensilemodulus,,
Water Content (wt%),properties/mechanical/tensile/tensilemodulus,,
Temperature,properties/thermal/specificheatcapacity_cp,Temperature,
T,properties/thermal/specificheatcapacity_cp,Temperature,
Real Impedance,properties/electrical/impedance,,
Volume % Silica,properties/mechanical/tensile/tensilemodulus,,
Cp,properties/thermal/specificheatcapacity_cp,,
electrical volume resistivity,properties/electrical/volumeresistivity,,
MWCNT content ( wt %),properties/electrical/volumeresistivity,,
19.64551973,properties/volumetric/waterabsorption,,
normalized tan delta,properties/viscoelastic/dynamicproperties/dma_mode/temperaturesweep/condition/frequency,Tan Delta,
Normalized Loss Modulus,properties/viscoelastic/dynamicproperties/dma_mode/temperaturesweep/condition/frequency,Loss Modulus,
0.011097134,properties/volumetric/waterabsorption,,
"Storage Modulus, E'",properties/viscoelastic/dynamicproperties/dma_mode/temperaturesweep/condition/frequency,Storage Modulus,
Water Uptake (%),properties/volumetric/waterabsorption,,
Normalized Storage Modulus,properties/viscoelastic/dynamicproperties/dma_mode/temperaturesweep/condition/frequency,Storage Modulus,
Time,properties/volumetric/waterabsorption,Time,
Ta,properties/viscoelastic/dynamicproperties/dma_mode/temperaturesweep/condition/frequency,,
Temperatur,properties/viscoelastic/dynamicproperties/dma_mode/temperaturesweep/condition/frequency,Temperature,
Storage Modulu,properties/viscoelastic/dynamicproperties/dma_mode/temperaturesweep/condition/frequency,Storage Modulus,
0.105896797,properties/volumetric/waterabsorption,,
287.8112756,properties/volumetric/waterabsorption,,
log,properties/viscoelastic/dynamicproperties/dma_mode/temperaturesweep/condition/frequency,,
temperature,properties/viscoelastic/dynamicproperties/dma_mode/temperaturesweep/condition/frequency,Temperature,
Frequency,properties/viscoelastic/dynamicproperties/dma_mode/temperaturesweep/condition/frequency,Frequency,
Resisitivity,properties/electrical/surfaceresistivity,,
Temperature,properties/electrical/surfaceresistivity,Temperature,
E,properties/electrical/surfaceresistivity,,
Resistivity,properties/electrical/surfaceresistivity,,
Silica Loading (mass %),properties/mechanical/tensile/tensilestressatyield,,
Heat release Rate,properties/thermal/thermaldiffusivity,Heat Release,
Heat Release Rate,properties/thermal/thermaldiffusivity,Heat Release,
Stress,properties/mechanical/tensile/tensilestressatyield,,
fatigue crack growth rate,properties/mechanical/tensile/tensilestressatyield,,
ln q1,properties/thermal/thermaldiffusivity,,
Yield Stress,properties/mechanical/tensile/tensilestressatyield,,
Elongation,properties/mechanical/tensile/tensilestressatyield,,
Temperature,properties/thermal/thermaldiffusivity,Temperature,
1000/Tf,properties/thermal/thermaldiffusivity,1000/T,
applied stress intensity range,properties/mechanical/tensile/tensilestressatyield,,
time,properties/viscoelastic/creep/tensile/tensilecreepstrain,Time,
intensity ratio,characterization/raman_spectroscopy,,
Frequenc,characterization/rheometery,Frequency,
alpha,characterization/raman_spectroscopy,,
Viscoelasticity,characterization/rheometery,,
strain (%),properties/viscoelastic/creep/tensile/tensilecreepstrain,Strain,
short beam strengt,properties/mechanical/tensile/fibertensilestrength,,
strain rate,properties/viscoelastic/creep/tensile/tensilecreepstrain,Strain,
Water content (wt%),properties/mechanical/tensile/fibertensilestrength,,
H-Bond Density,properties/mechanical/tensile/fibertensilestrength,,
Frequency,characterization/rheometery,Frequency,
Viscoelasticit,characterization/rheometery,Viscoelasticity,
tensile strengt,properties/mechanical/tensile/fibertensilestrength,Tensile Strength,
CNF conten,properties/mechanical/tensile/fibertensilestrength,,
Storage Modulus,characterization/dynamic_mechanical_analysis,Storage Modulus,
Frequency,characterization/dynamic_mechanical_analysis,Frequency,
Temperature,properties/mechanical/tensile/elongationatbreak,Temperature,
Critical strain (%),properties/mechanical/tensile/elongationatbreak,Strain,
Static Stress,characterization/dynamic_mechanical_analysis,Stress,
Static Strain (%),characterization/dynamic_mechanical_analysis,Strain,
lo,properties/electrical/electricpercolationthreshold,,
Viscosity,properties/rheological/dynamicviscosity,Viscosity,
Absorbance,characterization/fourier_transform_infrared_spectroscopy,Absorbance,
Temperature,properties/rheological/dynamicviscosity,Temperature,
log sig,properties/electrical/electricpercolationthreshold,,
Wavenumber,characterization/fourier_transform_infrared_spectroscopy,,
Nanoparticle size,materials/filler/fillercomponent/sphericalparticlediameter,,
Frequency,materials/filler/fillercomponent/sphericalparticlediameter,Frequency,
Temperature,properties/thermal/thermalconductivity,Temperature,
Thermal conductivity,properties/thermal/thermalconductivity,,
Heat Flow,characterization/differential_scanning_calorimetry,Heat Flow,
Time,characterization/differential_scanning_calorimetry,Time,
shear modulus,properties/mechanical/shear/shearmodulus,,
lint,properties/volumetric/interphasethickness,,
strain (%),properties/mechanical/shear/shearmodulus,Strain,
stress,properties/mechanical/tensile/stressrelaxation,Stress,
time,properties/mechanical/tensile/stressrelaxation,Time,
Diamine fraction,characterization/differential_scanning_calorimetry,,
shear modulus G increase (%),properties/mechanical/shear/shearmodulus,,
1000/T,properties/volumetric/interphasethickness,1000/T,
CRR length scale,characterization/differential_scanning_calorimetry,,
crystallinity weight fraction,properties/mechanical/shear/shearmodulus,,
Cumulative Percentage (%),properties/volumetric/linearexpansioncoefficient,,
deltaHa,properties/thermal/specificheatcapacity_cv,,
T,properties/thermal/specificheatcapacity_cv,T,
Tube Diameter,properties/volumetric/linearexpansioncoefficient,Diameter,
Temperature,characterization/differential_scanning_calorimetry/heatingrate,Temperature,
Graft Density,materials/filler/fillercomponent/particlesurfacetreatment/graftdensity,Density,
Free Space Length,materials/filler/fillercomponent/particlesurfacetreatment/graftdensity,Length,
CNF conten,properties/mechanical/compression/compressionstressatyield,,
Collapse Strength,properties/mechanical/compression/compressionmodulus,,
CNF conten,properties/mechanical/fracturetoughness/essentialworkoffracture/strainrate,,
Time,processing/solutionprocessing/chooseparameter/mixing/temperature,Time,
Intensity,characterization/xray_photoelectron_spectroscopy,,
strain to failure(%),properties/mechanical/fracturetoughness/essentialworkoffracture/strainrate,Strain,
Sample,materials/filler/fillercomponent/particlesurfacetreatment/graftdensity,,
stress via extension slop,properties/mechanical/compression/compressionstressatyield,Stress,
Relative Density,properties/mechanical/compression/compressionmodulus,Density,
Temperature,processing/solutionprocessing/chooseparameter/mixing/temperature,Temperature,
Binding Energy,characterization/xray_photoelectron_spectroscopy,Energy,
Heat Flow,characterization/differential_scanning_calorimetry/heatingrate,Heat Flow,
Silica Loading (mass %),properties/mechanical/tensile/fibertensilemodulus,Mass,
Molecular weight,materials/filler/fillercomponent/particlesurfacetreatment/molecularweight,Weight,
Elastic Modulus,properties/mechanical/tensile/fibertensilemodulus,,
Sample,materials/filler/fillercomponent/particlesurfacetreatment/molecularweight,,
Silica Loading (mass %),properties/mechanical/tensile/conditions/strainrate,,
Failure Strain (%),properties/mechanical/tensile/conditions/strainrate,Strain,
